{
  "EEM": 0.09209398847132685,
  "EWJ": 0.2549842143753265,
  "IWM": -0.07628335279287805,
  "QQQ": 0.3260626900731629,
  "SMH": 0.20721814843488334,
  "SPY": 0.16476252978953346,
  "XLK": 0.32850877271603574
}