{
  "EEM": 0.2717524514347588,
  "EWJ": 0.04420435708987164,
  "HD": -0.009796331934266123,
  "IWM": 0.39338021548106794,
  "JPM": -0.004979874595441886,
  "MSFT": 0.01776632230795482,
  "QQQ": 0.09412239677560519,
  "SMH": 0.20127081381977824,
  "SPY": 0.06103295705831618,
  "XLF": -0.00504382989168573,
  "XLK": 0.1556370428686137,
  "XLV": -0.005205049632200215
}