{
  "COST": 0.023145523074586775,
  "CVX": 0.07726973726501406,
  "EEM": 0.1996774753971704,
  "EWJ": 0.10691064821495964,
  "HD": -0.0883839830246356,
  "IWM": 0.3732885672085775,
  "JPM": -0.08851652397727065,
  "MSFT": 0.0978975132167574,
  "NVDA": 0.05337581874145791,
  "PEP": 0.024878316401825393,
  "QQQ": 0.07284129685063401,
  "SMH": 0.017813720943994353,
  "SPY": 0.13690184596829785,
  "SVXY": 0.09571613451564563,
  "XLF": -0.0883873270513983,
  "XLK": 0.10615240144390556,
  "XLV": -0.08635119886409738,
  "XOM": 0.07677885447154786
}