{
  "CVX": 0.011981432065067585,
  "EEM": 0.11571586510627481,
  "EWJ": 0.2896961980389231,
  "HD": -0.02163133761787615,
  "IWM": -0.03908517264243293,
  "JPM": -0.017042526738280855,
  "MSFT": 0.030256671805858747,
  "NVDA": 0.012157300055560424,
  "QQQ": 0.3550663853827677,
  "SMH": 0.2191160277799139,
  "SPY": 0.1876970369411437,
  "XLF": -0.017400747213596843,
  "XLK": 0.35466913037764697,
  "XLV": -0.01696578646849315,
  "XOM": 0.01218336559670455
}