{
  "EEM": 0.22869699969432356,
  "EWJ": 0.10008547791185719,
  "IWM": 0.26825428811610297,
  "QQQ": 0.15782230773225137,
  "SMH": 0.2127285075959203,
  "SPY": 0.0882821241839208,
  "XLK": 0.2065558254900295
}