{
  "CVX": 0.037073639655404805,
  "EEM": 0.19163922623619364,
  "EWJ": 0.10418618452905319,
  "HD": -0.04503156452330399,
  "IWM": 0.35146715613427076,
  "JPM": -0.041671210607761015,
  "MSFT": 0.05483479981801314,
  "NVDA": 0.0375055978867414,
  "QQQ": 0.1705681847744098,
  "SMH": 0.20988250368483619,
  "SPY": 0.12434954064404746,
  "XLF": -0.04239704099853433,
  "XLK": 0.2561088787322299,
  "XLV": -0.041917226768902485,
  "XOM": 0.03638477710425452
}