{
  "CVX": 0.05366285951465632,
  "EEM": 0.1893616641784483,
  "EWJ": 0.10621453041197676,
  "HD": -0.05922206994748054,
  "IWM": 0.36098558869845554,
  "JPM": -0.05580758133067953,
  "MSFT": 0.07085866729471325,
  "NVDA": 0.051884069277316515,
  "QQQ": 0.16476537332797755,
  "SMH": 0.20395970798250482,
  "SPY": 0.11812244057419087,
  "SVXY": 0.10289621590515906,
  "XLF": -0.057348034332109575,
  "XLK": 0.2515706927375824,
  "XLV": -0.05600598309264741,
  "XOM": 0.053269267389157465
}