{
  "EEM": 0.27182327091478015,
  "EWJ": 0.04418717227792832,
  "HD": -0.009812311710338185,
  "IWM": 0.3934444607268067,
  "JPM": -0.004988604966778288,
  "MSFT": 0.017752365004082067,
  "QQQ": 0.09413722735152777,
  "SMH": 0.20206212774765542,
  "SPY": 0.06101289557669299,
  "XLF": -0.005056307788041811,
  "XLK": 0.155620019975802,
  "XLV": -0.005210449893596299
}