{
  "CVX": 0.019845630206317088,
  "EEM": 0.18657663437393962,
  "EWJ": 0.16614170229410233,
  "HD": -0.028580727610560838,
  "IWM": 0.34866419175218627,
  "JPM": -0.02462263659926289,
  "MSFT": 0.03864354686414158,
  "NVDA": 0.019341056811863686,
  "QQQ": 0.09595743739798462,
  "SMH": 0.19165613238283155,
  "SPY": 0.08599865792591027,
  "XLF": -0.025213278759823467,
  "XLK": 0.2369384336914208,
  "XLV": -0.024981610144900666,
  "XOM": 0.020062846059321553
}