{
  "CVX": 0.01148262860277009,
  "EEM": 0.11379799669837806,
  "EWJ": 0.27788660064012805,
  "HD": -0.020801054334795545,
  "IWM": -0.0375349815564347,
  "JPM": -0.015982744807419135,
  "MSFT": 0.02818330218080324,
  "NVDA": 0.011761658105404731,
  "QQQ": 0.3450289317380414,
  "SMH": 0.22211287548020056,
  "SPY": 0.179845612559123,
  "XLF": -0.016281325702837728,
  "XLK": 0.34794704323178133,
  "XLV": -0.016140112157246256,
  "XOM": 0.01166369769306891
}