{
  "EEM": 0.09208046423933046,
  "EWJ": 0.2550572617396978,
  "IWM": -0.07630409282545123,
  "QQQ": 0.3260900052517894,
  "SMH": 0.2074842264835116,
  "SPY": 0.16480482009915104,
  "XLK": 0.3284792170550406
}