{
  "COST": 0.01602120275315316,
  "EEM": 0.20431230150475502,
  "EWJ": 0.11721396394985512,
  "HD": -0.01200870155027426,
  "IWM": 0.2886303851498621,
  "JPM": -0.012523740605148815,
  "MSFT": 0.016310147961444168,
  "PEP": 0.016786375895941077,
  "QQQ": 0.15019159263293277,
  "SMH": 0.15958900387341457,
  "SPY": 0.14438128590187557,
  "SVXY": 0.09933195405530786,
  "XLF": -0.01258036230816552,
  "XLK": 0.20223270505164295,
  "XLV": -0.012687560980441484
}