{
  "COST": 0.009063221848983808,
  "CVX": 0.06198594615413516,
  "EEM": 0.19627972637867142,
  "EWJ": 0.17766166013133353,
  "HD": -0.07007645759523563,
  "IWM": 0.3610288826034815,
  "JPM": -0.06806065979905362,
  "MSFT": 0.07743478616555546,
  "NVDA": 0.052784702369957935,
  "PEP": 0.009476850530462119,
  "QQQ": 0.11011243553157143,
  "SMH": 0.2065790040507635,
  "SPY": 0.13311029950279102,
  "SVXY": 0.0982395001643259,
  "XLF": -0.06822734614723297,
  "XLK": 0.25207540513153537,
  "XLV": -0.0655577636879566,
  "XOM": 0.0618325155943477
}