{
  "CVX": 0.04972562942466347,
  "EEM": 0.1884706951314738,
  "EWJ": 0.10382642900315046,
  "HD": -0.05785019109762816,
  "IWM": 0.34948775133410737,
  "JPM": -0.053810115378713864,
  "MSFT": 0.06698948049458578,
  "NVDA": 0.05158198369272909,
  "QQQ": 0.1612359735482852,
  "SMH": 0.20393613559198195,
  "SPY": 0.11425120045276548,
  "SVXY": 0.10041293684101497,
  "XLF": -0.05468694384913897,
  "XLK": 0.24761212079167547,
  "XLV": -0.05353265336591215,
  "XOM": 0.04899158340185814
}