{
  "COST": 0.00906562841981698,
  "CVX": 0.06225460727244624,
  "EEM": 0.19723087278864757,
  "EWJ": 0.1781899300618218,
  "HD": -0.07134233893477152,
  "IWM": 0.36486464612092934,
  "JPM": -0.06942415137074634,
  "MSFT": 0.07996403307595189,
  "NVDA": 0.05321853781574482,
  "PEP": 0.009530654250259993,
  "QQQ": 0.11048278276172296,
  "SMH": 0.20449722029182352,
  "SPY": 0.13440259290168774,
  "SVXY": 0.10024762889390405,
  "XLF": -0.06923081947694623,
  "XLK": 0.2511071085303517,
  "XLV": -0.06598887861607398,
  "XOM": 0.06191580085369981
}