{
  "CVX": 0.006048032715084807,
  "EEM": 0.1907179323546498,
  "EWJ": 0.16576337510090403,
  "HD": -0.015537280986904775,
  "IWM": 0.17228556638998097,
  "JPM": -0.010775629173475583,
  "MSFT": 0.023117140029595872,
  "NVDA": 0.005969994468114804,
  "QQQ": 0.22304131727970086,
  "SMH": 0.2128476042379505,
  "SPY": 0.12269727695892009,
  "XLF": -0.010945083049754103,
  "XLK": 0.25369822640491657,
  "XLV": -0.01101076726303452,
  "XOM": 0.006030583038122744
}