{
  "COST": 0.02397752198263927,
  "CVX": 0.07901928118284449,
  "EEM": 0.20008131639662777,
  "EWJ": 0.1074930003579202,
  "HD": -0.09150826898113583,
  "IWM": 0.37915769368072644,
  "JPM": -0.08963561697753648,
  "MSFT": 0.10186982892182665,
  "NVDA": 0.05379161710023868,
  "PEP": 0.02569318735652851,
  "QQQ": 0.07369175916819089,
  "SMH": 0.017524737035753662,
  "SPY": 0.13989286375568713,
  "SVXY": 0.09706109038361141,
  "XLF": -0.09098924103163675,
  "XLK": 0.10633164854529507,
  "XLV": -0.08845716369223473,
  "XOM": 0.07732911085671686
}