{
  "COST": 0.009704718407589127,
  "CVX": 0.0655361827221196,
  "EEM": 0.20045591615671587,
  "EWJ": 0.11515470824367854,
  "HD": -0.07535320902917132,
  "IWM": 0.37851798897947897,
  "JPM": -0.07133847576797152,
  "MSFT": 0.08418240100490441,
  "NVDA": 0.053902720067169084,
  "PEP": 0.010176247098579332,
  "QQQ": 0.1127131765448653,
  "SMH": 0.20429921766902076,
  "SPY": 0.13875238899874218,
  "SVXY": 0.10239446564216703,
  "XLF": -0.07213903507775953,
  "XLK": 0.25438197278192015,
  "XLV": -0.06991644210036607,
  "XOM": 0.06501852920423457
}