{
  "CVX": 0.011997469961272048,
  "EEM": 0.1158181952516013,
  "EWJ": 0.29001642421810503,
  "HD": -0.02166029251622179,
  "IWM": -0.03913043325534748,
  "JPM": -0.017068915794355724,
  "MSFT": 0.030310563094775426,
  "NVDA": 0.01216246045404085,
  "QQQ": 0.35529630711785914,
  "SMH": 0.21917539305818148,
  "SPY": 0.18788171016201033,
  "XLF": -0.017423198282795985,
  "XLK": 0.35487414434732945,
  "XLV": -0.016987644670982186,
  "XOM": 0.012185367521165913
}