{
  "CVX": 0.00604801867765199,
  "EEM": 0.19071748969994062,
  "EWJ": 0.16576299036551134,
  "HD": -0.015537244925006915,
  "IWM": 0.17228516651663742,
  "JPM": -0.01077560416333134,
  "MSFT": 0.023117086374909234,
  "NVDA": 0.005969980611808098,
  "QQQ": 0.22304079960268847,
  "SMH": 0.2128471102204599,
  "SPY": 0.12269699217957722,
  "XLF": -0.010945057646308846,
  "XLK": 0.2536976375734772,
  "XLV": -0.01101074170713676,
  "XOM": 0.0060305690411904785
}