{
  "CVX": 0.026212777477019805,
  "EEM": 0.17759445270458896,
  "EWJ": 0.15589563494965702,
  "HD": -0.03364642955155002,
  "IWM": 0.3266613309501252,
  "JPM": -0.029760432018954855,
  "MSFT": 0.04384676593135984,
  "NVDA": 0.02626104549073535,
  "QQQ": 0.09079338996787686,
  "SMH": 0.18419928895724227,
  "SPY": 0.08031711884913403,
  "XLF": -0.030671910427194932,
  "XLK": 0.22628338306483944,
  "XLV": -0.030676168061753443,
  "XOM": 0.02604336141782477
}