{
  "CVX": 0.012136946692756612,
  "EEM": 0.11749445209255281,
  "EWJ": 0.29638290470505574,
  "HD": -0.021590053940310126,
  "IWM": -0.039102854839450495,
  "JPM": -0.0172204006367743,
  "MSFT": 0.030417590256178514,
  "NVDA": 0.012035870058852295,
  "QQQ": 0.35387268221563634,
  "SMH": 0.21390130304131735,
  "SPY": 0.18914691342219342,
  "XLF": -0.017824312289765644,
  "XLK": 0.35114868816650197,
  "XLV": -0.017206385809384207,
  "XOM": 0.012180031669687676
}