{
  "COST": 0.015731190269148026,
  "EEM": 0.20158000739250836,
  "EWJ": 0.11629782883087542,
  "HD": -0.012066813046983422,
  "IWM": 0.28476599617379206,
  "JPM": -0.012247883186455328,
  "MSFT": 0.016371899993433237,
  "PEP": 0.01660205950467567,
  "QQQ": 0.14973836950200878,
  "SMH": 0.1568736653933212,
  "SPY": 0.14329726640369486,
  "SVXY": 0.09985812095782005,
  "XLF": -0.012376659273139166,
  "XLK": 0.19962806222983223,
  "XLV": -0.012272829872962935
}